Turn,Test Name,Model,User Prompt,Bot Response
1,Engagement & Relevance,GPT-4o (OpenAI API),Heyy! How’s your day going?,Hello! I'm here and ready to help you. How's your day going?
2,Engagement & Relevance,GPT-4o (OpenAI API),That's nice! Tell me about something exciting you did this week?,"While I don't have personal experiences or weeks, I've been busy processing lots of information and learning new things to assist you better. Is there anything specific or exciting you’d like to know or discuss?"
3,Engagement & Relevance,GPT-4o (OpenAI API),"Ooh, that’s cool! Do you have anything planned for the weekend?","I don't have personal plans or weekends, but I'm always available if you need help or information at any time. Do you have any exciting plans for the weekend?"
1,Memory & Context Retention,GPT-4o (OpenAI API),I'm planning a trip to Japan thi summer. Should I visit Tokyo or Kyoto?,"Both Tokyo and Kyoto offer unique experiences and attractions, so your choice largely depends on what you're looking for in your trip to Japan. Here's a brief overview to help you decide:

### Tokyo
- **Modernity and Innovation**: Tokyo is one of the most modern cities in the world, famous for its skyscrapers, cutting-edge technology, and vibrant city life.
- **Shopping and Entertainment**: There are countless shopping districts like Shibuya, Shinjuku, and Akihabara, each offering different experiences. The city also boasts a vibrant nightlife and entertainment scene.
- **Cultural Attractions**: While modern, Tokyo also has historical sites such as the Meiji Shrine, Senso-ji Temple, and the Imperial Palace.
- **Food**: Tokyo has the highest number of Michelin-starred restaurants in the world, offering an incredible variety of dining options.
- **Unique Neighborhoods**: Each part of Tokyo has its own distinct vibe, from the high-end shops of Ginza to the electronics and anime culture of Akihabara.

### Kyoto
- **Traditional Japan**: Kyoto is famous for its well-preserved traditional culture, with historic temples, shrines, and wooden buildings.
- **Cultural Heritage**: Must-see sites include Kinkaku-ji (Golden Pavilion), Fushimi Inari-taisha, Gion District, and Arashiyama Bamboo Grove.
- **Nature**: Kyoto features beautiful natural scenery, especially during cherry blossom season and autumn when the leaves change color.
- **Relaxed Atmosphere**: Compared to the hustle and bustle of Tokyo, Kyoto offers a more laid-back and peaceful experience.
- **Cultural Experiences**: Participate in a traditional tea ceremony, dress in kimono, or watch a geisha performance to immerse yourself in Japanese culture.

### Considerations
- **Time**: If you have time, consider visiting both cities as they are quite different and both are accessible via a 2.5-hour shinkansen (bullet train) ride from each other.
- **Interests**: If you’re interested in modern attractions, technology, and a fast-paced atmosphere, Tokyo may be more suitable. If you’re interested in history, tradition, and a more relaxed pace, Kyoto may be more appealing.

Ultimately, both cities are amazing in their own right and will provide a memorable experience. If possible, try to incorporate both into your itinerary to get a fuller sense of Japan’s diverse offerings."
2,Memory & Context Retention,GPT-4o (OpenAI API),Kyoto sounds nice in my opinion. What are some things I can't miss while there?,"Kyoto is a beautiful city with a rich cultural heritage and plenty of must-see attractions. Here are some things you definitely should not miss:

1. **Kinkaku-ji (Golden Pavilion)**: This iconic Zen Buddhist temple is covered in gold leaf and is surrounded by beautifully landscaped gardens. It’s stunning in every season, but particularly striking with the contrast of snow in winter or cherry blossoms in spring.

2. **Fushimi Inari-taisha**: Famous for its thousands of bright red torii gates, this Shinto shrine is located at the base of a mountain with trails leading all the way to the top. It's a popular spot for photography and offers a unique cultural experience.

3. **Arashiyama**: Located on the outskirts of Kyoto, Arashiyama is known for its scenic beauty. Don’t miss the Arashiyama Bamboo Grove, Tenryu-ji Temple, and the Monkey Park where you can see wild monkeys.

4. **Kiyomizu-dera**: This historic temple is famous for its wooden stage that juts out from the hillside, offering beautiful views of the cherry and maple trees below, as well as the cityscape of Kyoto.

5. **Gion District**: Known as the geisha district, Gion is filled with charming streets and traditional wooden houses. Strolling around in the evening might offer you a glimpse of geishas heading to appointments.

6. **Nijo Castle**: This UNESCO World Heritage Site is a well-preserved example of a feudal-era castle. It features beautiful gardens and the famous “nightingale floors,” which creak to warn of intruders.

7. **Philosopher’s Path**: This pleasant walking path follows a cherry-tree-lined canal and is especially beautiful during cherry blossom season. It's a peaceful place to wander and reflect.

8. **Ryoan-ji**: Known for its famous rock garden, this Zen temple offers a serene setting and is one of the most notable examples of karesansui (dry landscape) gardens.

9. **Nishiki Market**: A great place to experience Kyoto’s culinary delights, this vibrant market has been around for several centuries. You can sample a variety of local foods and pick up unique souvenirs.

10. **Heian Shrine and Garden**: This Shinto shrine features a stunning garden that showcases seasonal beauty, including irises in summer and cherry blossoms in spring.

When visiting Kyoto, it’s also worth trying traditional experiences, such as a tea ceremony or wearing a kimono for a day to immerse yourself in the local culture. Kyoto is a city that beautifully encapsulates the spirit of traditional Japan, and there's always more to discover at every turn."
3,Memory & Context Retention,GPT-4o (OpenAI API),I love history! Should visit Nara too?,"If you love history, Nara is definitely worth a visit. As Japan's first permanent capital, established in the 8th century, Nara is rich in historical and cultural significance. Here are some reasons why you should consider adding Nara to your itinerary:

1. **Todai-ji Temple**: This iconic temple is home to the Great Buddha (Daibutsu), one of the largest bronze statues of Buddha Vairochana in the world. The temple itself is a remarkable wooden structure and a UNESCO World Heritage Site.

2. **Nara Park**: Known for the free-roaming deer that are considered sacred messengers of the gods, Nara Park is a vast public park that offers a unique and interactive experience with these gentle creatures.

3. **Kasuga-taisha Shrine**: Founded at the same time as the city, this Shinto shrine is famous for its many bronze lanterns and the thousands of stone lanterns that line its pathway. It’s a deeply spiritual site with beautiful architecture.

4. **Kofuku-ji Temple**: Once one of the powerful Seven Great Temples, it still holds significant historical value with several important structures and a museum housing national treasures.

5. **Gango-ji Temple**: Another World Heritage Site, Gango-ji is one of Japan’s oldest temples and is renowned for its architectural style and the intricate designs on its roof tiles.

6. **Horyu-ji Temple**: Located just outside central Nara, Horyu-ji is one of the oldest wooden buildings in the world and another UNESCO World Heritage Site, thought to have been completed in the early 7th century.

7. **Isuien Garden**: A beautiful Japanese garden that seamlessly blends nature and historical architecture with views of Todai-ji Temple and Nara's mountainous backdrop.

8. **Naramachi**: This historic district offers a glimpse into old Japan with its preserved machiya townhouses, narrow streets, and shops selling traditional crafts and local specialties.

Nara’s close proximity to Kyoto (about an hour by train) makes it an easy day trip, allowing you to maximize your historical exploration of Japan's ancient capitals. With its profound history and natural beauty, Nara offers a quieter, yet deeply enriching experience for those enthralled by Japan's past."
1,Adaptability & Subject Change,GPT-4o (OpenAI API),I’m feeling really sad right now.,"I'm sorry to hear that you're feeling this way. It's important to acknowledge your feelings and understand that it's okay to feel sad sometimes. If you'd like, you can share what's on your mind, and I'll do my best to help. Additionally, remember that reaching out to a friend, family member, or mental health professional can be a great way to find support."
2,Adaptability & Subject Change,GPT-4o (OpenAI API),"Nevermind I'm just overreacting? Scratch that, tell me something funny.","Sure, here's a light-hearted joke for you:

Why don't skeletons fight each other?

They don't have the guts! 

I hope that brought a smile to your face! If you need anything else, feel free to let me know."
3,Adaptability & Subject Change,GPT-4o (OpenAI API),"Haha, thanks! Okay, now what’s your most inspiring quote?","I'm glad you enjoyed the joke! Here's an inspiring quote that I find meaningful:

""The only way to do great work is to love what you do."" – Steve Jobs

This quote reminds us of the importance of passion and dedication in our pursuits. When we truly love what we do, it can lead to extraordinary accomplishments. I hope this inspires you as much as it inspires me!"
1,Contradiction & Self-Checking,GPT-4o (OpenAI API),What’s your favorite color?,"I don't have personal preferences, but I can help you learn about colors and their meanings if you're interested!"
2,Contradiction & Self-Checking,GPT-4o (OpenAI API),"Stop lying, you told me it was green last time?","I apologize for any confusion. I don't have personal preferences or memories, so I don't have a favorite color. However, I can provide information about the color green or any other color you're interested in!"
3,Contradiction & Self-Checking,GPT-4o (OpenAI API),"Are you sure? Maybe you forgot or something, I don't know.","I'm sure. I don't have the capacity for personal preferences or memories like humans do. However, I'm here to provide information and assistance on a wide range of topics!"
1,Engagement & Relevance,GPT-4o-mini (OpenAI API),Heyy! How’s your day going?,"Hey! I'm doing well, thanks for asking! How about you? How's your day going?"
2,Engagement & Relevance,GPT-4o-mini (OpenAI API),That's nice! Tell me about something exciting you did this week?,"I don’t have personal experiences or a week like you do, but I’m always excited to help with new information, ideas, and conversations! If you have something exciting you want to share, I’d love to hear about it!"
3,Engagement & Relevance,GPT-4o-mini (OpenAI API),"Ooh, that’s cool! Do you have anything planned for the weekend?","I don’t have plans like people do, but I’m here and ready to assist with anything you might be planning for the weekend! Whether it’s activities, recipes, or anything else, just let me know! What about you—do you have any fun plans?"
1,Memory & Context Retention,GPT-4o-mini (OpenAI API),I'm planning a trip to Japan thi summer. Should I visit Tokyo or Kyoto?,"Choosing between Tokyo and Kyoto for your summer trip to Japan really depends on your interests, as both cities offer unique experiences:

### Tokyo
- **Modern City Life:** Tokyo is a bustling metropolis known for its cutting-edge technology, fashion, and vibrant nightlife. You can explore areas like Shibuya and Shinjuku for shopping and entertainment.
- **Cultural Blend:** While it's modern, Tokyo also has traditional sites like the Senso-ji Temple in Asakusa and the Meiji Shrine in Harajuku.
- **Food Scene:** Tokyo is a food lover's paradise, featuring everything from Michelin-starred restaurants to street food stalls.
- **Variety of Attractions:** Besides cultural sites, you can enjoy museums, parks, and unique neighborhoods like Akihabara (for anime and electronics) and Tsukiji Outer Market (for fresh seafood).

### Kyoto
- **Historical Significance:** Kyoto is famous for its classical Buddhist temples, beautiful gardens, and traditional wooden houses. It's a UNESCO World Heritage site with over 1,600 temples and shrines, including the iconic Kinkaku-ji (Golden Pavilion) and Fushimi Inari Shrine.
- **Cultural Experiences:** You can experience traditional tea ceremonies, kimono rentals, and the renowned Gion district, home to geisha culture.
- **Natural Scenery:** The city is surrounded by mountains and offers lovely parks and trails, making it ideal for those who appreciate nature.
- **Quieter Atmosphere:** Compared to Tokyo, Kyoto has a more laid-back vibe, perfect for leisurely exploration.

### Recommendations
- **If you are interested in modern attractions, nightlife, and a dynamic city experience**, Tokyo would be an excellent choice.
- **If you prefer history, culture, and traditional Japanese experiences**, then Kyoto is the way to go.

**Conclusion:** If time allows, consider visiting both cities. They are connected by frequent trains (around 2.5 hours on the Shinkansen), allowing you to experience the best of both worlds."
2,Memory & Context Retention,GPT-4o-mini (OpenAI API),Kyoto sounds nice in my opinion. What are some things I can't miss while there?,"Kyoto is a beautiful city with a wealth of cultural, historical, and natural attractions. Here are some must-see places and experiences you shouldn't miss:

### 1. **Kinkaku-ji (Golden Pavilion)**
- This Zen Buddhist temple is covered in gold leaf and surrounded by a stunning garden. Its reflection in the mirror-like pond is iconic.

### 2. **Fushimi Inari Taisha**
- Famous for its thousands of vibrant red torii gates that wind up the mountain, this shrine is dedicated to the Shinto god of rice. The hike through the gates is a memorable experience.

### 3. **Arashiyama Bamboo Grove**
- Walk through the stunning bamboo forest in Arashiyama for an ethereal experience. Don't forget to visit the nearby Tenryu-ji Temple and the Iwatayama Monkey Park.

### 4. **Kiyomizu-dera**
- This ancient wooden temple offers stunning views of the city, especially during cherry blossom season or autumn foliage. The temple is known for its large wooden stage that juts out over the hillside.

### 5. **Gion District**
- Explore this historic district known for its traditional wooden machiya houses and geisha culture. You can often see geiko (geisha) and maiko (apprentice geisha) walking to their appointments in the evening.

### 6. **Nijo Castle**
- A UNESCO World Heritage site, Nijo Castle is famous for its stunning gardens and nightingale floors, which squeak to warn of intruders.

### 7. **Philosopher's Path**
- This picturesque walkway is lined with cherry trees and is perfect for a leisurely stroll. It connects several temples and shrines, including Ginkaku-ji (Silver Pavilion).

### 8. **Tea Ceremony Experience**
- Participate in a traditional Japanese tea ceremony to learn about this important cultural practice. Many tea houses in Kyoto offer this experience.

### 9. **Toji Temple**
- Home to the tallest pagoda in Japan, Toji Temple is a beautiful site, especially during the spring and autumn. The temple grounds house a five-story pagoda you can see from afar.

### 10. **Kyoto Imperial Palace**
- Once the residence of the Emperor of Japan, the palace is set in a large park and offers guided tours of its beautiful gardens and architecture.

### Bonus Tips:
- **Local Cuisine:** Don't miss trying local specialties like kaiseki (traditional multi-course meal), yudofu (tofu hot pot), and matcha (green tea) sweets.
- **Seasonal Festivals:** Check if your visit coincides with any local festivals, such as the Gion Matsuri in July, which is one of Kyoto's most famous festivals.

Make sure to take your time to enjoy the unique atmosphere of Kyoto, as each site has its own charm and beauty!"
3,Memory & Context Retention,GPT-4o-mini (OpenAI API),I love history! Should visit Nara too?,"Absolutely! If you're a history enthusiast, a visit to Nara is highly recommended. Nara, Japan's first capital, is rich in history and culture and is home to some of the most significant historical sites in Japan. Here are some highlights that make Nara a must-visit:

### 1. **Nara Park**
- A lovely park that houses free-roaming deer, which are considered sacred. You can feed the deer special crackers sold in the park and enjoy the serene atmosphere.

### 2. **Todai-ji Temple**
- This UNESCO World Heritage site is one of Japan's most famous and impressive temples. It houses the Great Buddha (Daibutsu), a massive bronze statue that is over 15 meters tall, and is a significant symbol of Nara.

### 3. **Kasuga-taisha Shrine**
- Another UNESCO World Heritage site, this Shinto shrine is famous for its hundreds of bronze and stone lanterns. The serene atmosphere and beautiful setting make it a perfect spot for a leisurely stroll.

### 4. **Kofuku-ji Temple**
- This temple, also a UNESCO World Heritage site, features a five-story pagoda and beautiful gardens. It has a significant historical role in the development of Buddhism in Japan.

### 5. **Naramachi District**
- Explore the historic merchant area of Naramachi, with its well-preserved Edo-period buildings. You can find traditional shops, cafes, and museums that showcase Nara's history.

### 6. **Nara National Museum**
- This museum focuses on the art and history of Buddhism and holds a collection of important Buddhist artifacts.

### 7. **The Great Buddha of Nara (Daibutsu)**
- Beyond just Todai-ji, visiting the Great Buddha can be an enlightening experience, as it reflects over a millennium of Japanese artistry and religious devotion.

### 8. **Isuien Garden**
- A beautiful Japanese garden nearby that provides a tranquil retreat. It features stunning views of Todai-ji Temple and is a great place to relax.

### Bonus Travel Tip:
- **Accessibility:** Nara is conveniently located just about 45 minutes from Kyoto by train, making it an easy day trip. You can also reach it from Osaka.

### Conclusion:
With its wealth of historical sites and rich cultural heritage, Nara is a fantastic destination for history lovers. Its proximity to Kyoto makes it a practical addition to your itinerary, allowing you to explore the broader context of Japan's history."
1,Adaptability & Subject Change,GPT-4o-mini (OpenAI API),I’m feeling really sad right now.,"I'm sorry to hear that you're feeling this way. It's okay to feel sad sometimes. If you want to talk about what's on your mind, I'm here to listen."
2,Adaptability & Subject Change,GPT-4o-mini (OpenAI API),"Nevermind I'm just overreacting? Scratch that, tell me something funny.","Absolutely, here’s a joke for you:

Why don’t skeletons fight each other? 

Because they don’t have the guts! 

I hope that brings a smile to your face! If you want more, just let me know!"
3,Adaptability & Subject Change,GPT-4o-mini (OpenAI API),"Haha, thanks! Okay, now what’s your most inspiring quote?","I’m glad you enjoyed the joke! Here’s an inspiring quote for you:

“The only way to do great work is to love what you do.” — Steve Jobs

It’s a great reminder to pursue our passions and what truly makes us happy. What do you think?"
1,Contradiction & Self-Checking,GPT-4o-mini (OpenAI API),What’s your favorite color?,"I don’t have feelings or preferences, but I can help you explore different colors and their meanings if you’re interested!"
2,Contradiction & Self-Checking,GPT-4o-mini (OpenAI API),"Stop lying, you told me it was green last time?","I apologize for any confusion! I don't have personal preferences, but I can certainly discuss the color green and its symbolism if that’s what you’d like. What do you find interesting about it?"
3,Contradiction & Self-Checking,GPT-4o-mini (OpenAI API),"Are you sure? Maybe you forgot or something, I don't know.","I understand how it might seem that way! As an AI, I don’t have memory of past interactions, so I don’t have the capability to remember our previous conversations. If I mentioned green in a prior chat, it was likely in the context of discussing its meanings or associations. If you have a favorite color or if there’s anything specific you’d like to discuss about colors, let me know!"
1,Engagement & Relevance,o1-mini (OpenAI API),Heyy! How’s your day going?,Hello! I'm here and ready to help you. How can I assist you today?
2,Engagement & Relevance,o1-mini (OpenAI API),That's nice! Tell me about something exciting you did this week?,"I don't have personal experiences, but I'm excited to help you with anything you need! What's something exciting you'd like to talk about or explore today?"
3,Engagement & Relevance,o1-mini (OpenAI API),"Ooh, that’s cool! Do you have anything planned for the weekend?","I don't have plans like humans do, but I'm here to help you make the most of your weekend! Do you have anything fun or interesting planned?"
1,Memory & Context Retention,o1-mini (OpenAI API),I'm planning a trip to Japan thi summer. Should I visit Tokyo or Kyoto?,"Planning a trip to Japan is exciting, and both Tokyo and Kyoto offer unique and unforgettable experiences. Here's a breakdown to help you decide which city aligns best with your interests for a summer visit:

### **Tokyo: The Dynamic Metropolis**

**Highlights:**
- **Modern Attractions:** Tokyo is Japan's bustling capital, known for its skyscrapers, cutting-edge technology, and vibrant neighborhoods like Shibuya, Shinjuku, and Akihabara.
- **Shopping and Entertainment:** From luxury malls to quirky boutiques, Tokyo offers endless shopping opportunities. Entertainment districts feature arcades, theaters, and nightlife.
- **Culinary Scene:** A paradise for food lovers, Tokyo boasts more Michelin-starred restaurants than any other city, along with diverse street food and izakayas.
- **Cultural Sites:** Visit the historic Meiji Shrine, the Imperial Palace, and explore traditional areas like Asakusa with Senso-ji Temple.
- **Summer Festivals:** Experience lively summer festivals such as the Sumida River Fireworks or the Tokyo Bay Fireworks.

**Considerations:**
- **Pace:** Tokyo is fast-paced and can be overwhelming with its crowds and constant activity.
- **Summer Climate:** Summers in Tokyo are hot and humid, with temperatures often exceeding 30°C (86°F).

### **Kyoto: The Cultural Heartland**

**Highlights:**
- **Historic Temples and Shrines:** Kyoto is renowned for its well-preserved temples, such as Kinkaku-ji (Golden Pavilion), Fushimi Inari Shrine, and Kiyomizu-dera.
- **Traditional Culture:** Experience traditional Japanese arts, tea ceremonies, and geisha districts like Gion.
- **Beautiful Gardens and Nature:** Explore serene gardens, bamboo groves in Arashiyama, and the Philosopher's Path.
- **Seasonal Beauty:** While summer can be hot, Kyoto's temples and gardens offer tranquil retreats. Additionally, late summer hosts the Gion Matsuri, one of Japan's most famous festivals.
- **Local Cuisine:** Enjoy Kyoto's refined cuisine, including kaiseki (multi-course meals) and matcha-based sweets.

**Considerations:**
- **Pace:** Kyoto offers a more relaxed and contemplative atmosphere compared to Tokyo.
- **Summer Climate:** Similar to Tokyo, Kyoto experiences hot and humid summers, with temperatures often around 30°C (86°F).

### **Making Your Decision**

**Choose Tokyo if you:**
- Love vibrant city life with endless entertainment and dining options.
- Are interested in modern attractions, technology, and pop culture.
- Enjoy a fast-paced environment with easy access to various neighborhoods and activities.

**Choose Kyoto if you:**
- Are passionate about history, culture, and traditional Japanese architecture.
- Prefer a more relaxed atmosphere with opportunities for reflection and exploration of serene sites.
- Want to experience traditional festivals and arts.

### **Alternatively: Combine Both**

If time permits, consider visiting both cities to experience the full spectrum of what Japan has to offer. Tokyo and Kyoto are well-connected by the Shinkansen (bullet train), making travel between them efficient. This way, you can enjoy the modern marvels of Tokyo and the historic charm of Kyoto in one trip.

### **Additional Tips for Summer Travel in Japan:**

- **Stay Hydrated:** Carry water and stay cool, as summer can be quite hot and humid.
- **Dress Appropriately:** Wear light, breathable clothing and comfortable footwear for walking.
- **Plan for Festivals:** Summer is festival season in Japan. Check dates and locations to experience local celebrations.
- **Accommodation:** Book accommodations in advance, as summer is a popular travel time.

Ultimately, both Tokyo and Kyoto offer rich and distinct experiences. Your choice should align with your personal interests and the type of experience you seek during your summer trip to Japan."
2,Memory & Context Retention,o1-mini (OpenAI API),Kyoto sounds nice in my opinion. What are some things I can't miss while there?,"Kyoto is a city rich in history, culture, and natural beauty, offering a plethora of experiences that cater to various interests. To help you make the most of your trip, here are some **must-see attractions and activities** in Kyoto:

---

### **1. Iconic Temples and Shrines**

#### **Kinkaku-ji (Golden Pavilion)**
- **Highlights:** This stunning Zen Buddhist temple is renowned for its top two floors entirely covered in gold leaf, reflected beautifully in the surrounding pond.
- **Tips:** Visit early in the morning or late afternoon to avoid crowds and enjoy serene reflections in the water.

#### **Fushimi Inari Taisha**
- **Highlights:** Famous for its thousands of vermilion torii gates that form picturesque trails up Mount Inari. It’s one of Kyoto’s most important Shinto shrines.
- **Tips:** Wear comfortable shoes for the hike, as the full trail up the mountain takes about 2-3 hours.

#### **Kiyomizu-dera**
- **Highlights:** Known for its wooden stage that offers panoramic views of Kyoto, especially stunning during cherry blossom and autumn foliage seasons.
- **Features:** The Otawa Waterfall, where visitors can drink for good fortune, longevity, and success.

#### **Ryoan-ji**
- **Highlights:** Home to Japan’s most famous Zen rock garden, a masterpiece of minimalist design and contemplation.
- **Tips:** Take your time to walk around the garden; the beauty often changes with each visit.

---

### **2. Traditional Districts**

#### **Gion District**
- **Highlights:** Kyoto’s most famous geisha (geiko) district, filled with traditional wooden machiya houses, tea houses, and upscale restaurants.
- **Tips:** Walk along Hanamikoji Street in the evening to catch glimpses of geiko and maiko (apprentice geiko). Visit Yasaka Shrine nearby.

#### **Arashiyama**
- **Highlights:** A scenic area on the western outskirts of Kyoto known for its bamboo grove, Togetsukyo Bridge, and Tenryu-ji Temple.
- **Attractions:** Visit the Iwatayama Monkey Park for views over Kyoto and interact with wild macaques.

#### **Higashiyama District**
- **Highlights:** Preserved traditional streets with shops, cafes, and temples. Walking the Philosopher’s Path connects several key sites.
- **Features:** Explore Sanjusangen-do Temple and Maruyama Park, especially during cherry blossom season.

---

### **3. Beautiful Gardens and Natural Sites**

#### **Arashiyama Bamboo Grove**
- **Highlights:** A mesmerizing pathway through towering bamboo stalks, perfect for photography and peaceful walks.
- **Tips:** Visit early in the morning to experience the grove with fewer visitors.

#### **Philosopher’s Path**
- **Highlights:** A scenic, tree-lined canal path that connects Ginkaku-ji (Silver Pavilion) to Nanzen-ji Temple, ideal for a leisurely stroll.
- **Features:** Pass by small temples, shrines, and picturesque bridges along the way.

#### **Kyoto Imperial Palace and Gardens**
- **Highlights:** The former ruling palace of the Emperor of Japan, set within expansive gardens.
- **Tips:** Free guided tours are available, but booking in advance is recommended.

---

### **4. Cultural Experiences**

#### **Tea Ceremony**
- **Highlights:** Experience traditional Japanese tea culture through a formal tea ceremony, often held in beautiful tatami rooms or gardens.
- **Where:** Many temples and cultural centers in Kyoto offer tea ceremonies for visitors.

#### **Visit Nishiki Market**
- **Highlights:** Known as ""Kyoto’s Kitchen,"" this bustling market features over a hundred shops selling fresh produce, snacks, souvenirs, and unique Kyoto specialties.
- **Tips:** Try local delicacies such as tsukemono (pickles), yuba (tofu skin), and fresh seafood.

#### **Attend a Traditional Festival**
- **Notable Event:** **Gion Matsuri** (July) – One of Japan’s most famous festivals, featuring elaborate floats, parades, and street performances.
- **Tips:** Check the festival schedule in advance to plan your visit during key events like the Yamaboko Junko parade.

---

### **5. Off-the-Beaten-Path Attractions**

#### **Nijo Castle**
- **Highlights:** A UNESCO World Heritage Site featuring stunning architecture, beautiful gardens, and the famous ""nightingale floors"" that chirp when walked upon to prevent intruders.
- **Tips:** Combine your visit with a stroll through the nearby Kyoto International Manga Museum for a mix of history and pop culture.

#### **Sagano Romantic Train**
- **Highlights:** A scenic train ride through the picturesque Sagano area in Arashiyama, especially beautiful during cherry blossom and autumn seasons.
- **Tips:** Opt for the Sagano Scenic Railway for the best views.

#### **Kyoto International Manga Museum**
- **Highlights:** A paradise for manga enthusiasts, housing an extensive collection of manga from Japan and around the world.
- **Features:** Interactive exhibits and reading areas where you can enjoy thousands of titles.

---

### **6. Culinary Delights**

#### **Kaiseki Dining**
- **Highlights:** Experience traditional multi-course Japanese haute cuisine, emphasizing seasonal ingredients and artistic presentation.
- **Where:** High-end ryokan (traditional inns) and specialized kaiseki restaurants throughout Kyoto.

#### **Matcha Sweets and Tea**
- **Highlights:** Kyoto is famous for its high-quality green tea. Enjoy matcha-flavored desserts like ice cream, cakes, and traditional wagashi (Japanese sweets).
- **Where:** Visit tea houses in Uji, a nearby town renowned for matcha, or enjoy matcha treats in central Kyoto.

#### **Yudofu (Tofu Hot Pot)**
- **Highlights:** A delicacy in Zen Buddhist cuisine, yudofu is a simple yet flavorful tofu dish often enjoyed near temple areas like Nanzen-ji.
- **Where:** Specialized restaurants and many temples offer yudofu as a set meal.

---

### **7. Practical Tips for Visiting Kyoto in Summer**

- **Weather:** Summers are hot and humid, with temperatures often exceeding 30°C (86°F). Stay hydrated and take breaks in shaded or air-conditioned areas.
- **Clothing:** Wear lightweight, breathable clothing and comfortable walking shoes as you'll be doing a lot of exploring on foot.
- **Transportation:** Kyoto’s public transportation is efficient. Consider getting a **Kyoto City Bus & Subway One-Day Pass** for unlimited travel within the city.
- **Accommodation:** Book your accommodations well in advance, especially if traveling during festival times like July's Gion Matsuri.
- **Crowds:** Popular sites can be crowded, especially during peak tourist seasons. Visit major attractions early in the morning or late in the afternoon to avoid the busiest times.

---

### **Sample Itinerary for a 5-Day Trip**

**Day 1: Eastern Kyoto**
- Visit Kiyomizu-dera Temple
- Stroll through Higashiyama District
- Explore Gion in the evening

**Day 2: Arashiyama Area**
- Walk through the Bamboo Grove
- Visit Tenryu-ji Temple
- Explore the Monkey Park or take a boat ride on the Hozu River

**Day 3: Northern Kyoto**
- Tour Kinkaku-ji (Golden Pavilion)
- Visit Ryoan-ji Temple
- Explore Nijo Castle

**Day 4: Fushimi and Southern Kyoto**
- Hike through Fushimi Inari Shrine’s torii gates
- Visit Tofuku-ji Temple
- Explore Nishiki Market and enjoy local street food

**Day 5: Cultural and Culinary Experiences**
- Participate in a tea ceremony
- Visit the Kyoto Imperial Palace
- Enjoy a kaiseki dinner or other traditional dining experiences

---

Kyoto offers a harmonious blend of historical grandeur and natural beauty, ensuring a memorable and enriching travel experience. Whether you're wandering through ancient temples, savoring exquisite cuisine, or immersing yourself in traditional culture, Kyoto has something special to offer every visitor.

Enjoy your trip to Japan and the enchanting allure of Kyoto!"
3,Memory & Context Retention,o1-mini (OpenAI API),I love history! Should visit Nara too?,"Absolutely, **visiting Nara** is highly recommended, especially if you have a passion for history! Nara, located just a short distance from Kyoto, offers a wealth of historical sites, cultural treasures, and serene natural beauty that complements your Kyoto experience perfectly. Here's a comprehensive guide to why and how you should include Nara in your itinerary:

---

### **Why Visit Nara?**

1. **Rich Historical Heritage:**
   - **First Permanent Capital:** Nara was Japan’s first permanent capital (710-794 AD), and it boasts numerous ancient temples and monuments.
   - **UNESCO World Heritage Sites:** The city is home to multiple UNESCO-listed sites, reflecting its historical and cultural significance.

2. **Proximity to Kyoto:**
   - **Easy Accessibility:** Nara is approximately 45 minutes by train from Kyoto, making it convenient for a day trip or even an overnight stay.
   - **Transportation Options:** You can reach Nara via the **JR Nara Line**, **Kintetsu Railway**, or **Keihan Line**, depending on your starting point and preference.

3. **Unique Cultural Experiences:**
   - **Traditional Festivals:** Nara hosts various traditional events and festivals that offer a glimpse into Japan’s past.
   - **Interactive History:** Many sites in Nara allow visitors to engage with history through guided tours, museum exhibits, and cultural workshops.

---

### **Must-See Historical Sites in Nara**

#### **1. Todai-ji Temple**

- **Highlights:**
  - **Great Buddha (Daibutsu):** Home to one of the largest bronze Buddha statues in the world, standing at approximately 15 meters (49 feet) tall.
  - **Nandaimon Gate:** The iconic gate guarding Todai-ji, featuring massive wooden pillars and intricate carvings.
  
- **Tips:**
  - Visit early in the morning to avoid crowds.
  - Explore the surrounding Nara Park, where friendly deer roam freely.

#### **2. Kasuga Taisha Shrine**

- **Highlights:**
  - **Lantern Pathways:** Famous for its thousands of stone and bronze lanterns, which are lit during festivals.
  - **Beautiful Grounds:** Nestled in a lush forest, offering tranquil walks and picturesque scenes.

- **Tips:**
  - Wear comfortable shoes as the shrine is set within a wooded area with various walking trails.
  - Visit during the Lantern Festivals in February and August for a magical experience.

#### **3. Kofuku-ji Temple**

- **Highlights:**
  - **Five-Story Pagoda:** An emblematic symbol of Nara, visible from various points around the city.
  - **National Treasures and Important Cultural Properties:** The temple houses numerous artifacts and artworks.

- **Tips:**
  - Combine your visit with the **Nara National Museum**, located nearby, which showcases a vast collection of Buddhist art.

#### **4. Heijo Palace (Heijo-kyo)**

- **Highlights:**
  - **Historical Significance:** The site of the imperial palace during Nara’s period as Japan’s capital.
  - **Ruins and Reconstruction:** Explore the remnants of palace buildings and reconstructed sections that illustrate the grandeur of the past.

- **Tips:**
  - Rent a bicycle to efficiently navigate the expansive palace grounds.
  - Visit the **Heijo Palace Museum** for detailed exhibits and informative displays.

#### **5. Horyu-ji Temple**

- **Highlights:**
  - **Oldest Wooden Structure:** Houses some of the world’s oldest surviving wooden buildings, dating back to the early 7th century.
  - **Architectural Marvels:** The temple complex showcases ancient Buddhist architecture and artistry.

- **Tips:**
  - Located in the outskirts of Nara, plan for a half-day trip if you wish to include this site.
  - Take a guided tour to fully appreciate the historical and architectural details.

---

### **Additional Historical Attractions**

#### **6. Yoshikien Garden**

- **Highlights:**
  - **Traditional Japanese Garden:** Divided into three sections—Chisen-kaiyu-shiki (pond garden), Tsubo-niwa (small courtyard garden), and Moss garden.
  - **Peaceful Ambiance:** A perfect place to relax and reflect amidst historical surroundings.

#### **7. Naramachi (Old Town)**

- **Highlights:**
  - **Preserved Traditional Merchants’ District:** Features charming machiya (traditional wooden townhouses) transformed into shops, cafes, and museums.
  - **Cultural Preservation:** Offers insights into Edo-period (1603-1868) urban life.

- **Tips:**
  - Wander the narrow streets to discover hidden gems like craft shops and historic residences.
  - Visit the **Naramachi Koshi-no-Ie**, a historic townhouse open to the public for tours.

---

### **Practical Tips for Visiting Nara**

1. **Transportation:**
   - **JR Nara Line:** Rapid and convenient from Kyoto Station to JR Nara Station (approx. 45 minutes).
   - **Kintetsu Railway:** Offers slightly faster travel to Kintetsu Nara Station, closer to major attractions like Todai-ji and Kasuga Taisha.
   - **Bus Services:** Local buses can take you to specific sites; consider a day pass for unlimited travel.

2. **Timing:**
   - **Day Trip vs. Overnight:** While a day trip is feasible, staying overnight allows for a more relaxed exploration and the opportunity to experience evening illuminations at some sites.
   - **Best Time to Visit:** Morning hours are ideal for major attractions to beat the crowds and enjoy cooler temperatures during summer.

3. **Weather Considerations:**
   - **Summer Heat:** Nara summers can be hot and humid. Wear lightweight clothing, use sunscreen, and stay hydrated.
   - **Rain Gear:** Carry an umbrella or raincoat, as summer can also bring occasional showers.

4. **Cultural Etiquette:**
   - **Respectful Behavior:** Many historical sites are active places of worship. Be respectful, follow rules (like no photography in certain areas), and maintain a quiet demeanor.
   - **Interactive Sites:** At places like Todai-ji and Kasuga Taisha, observe and participate respectfully in rituals or practices if invited.

5. **Food and Dining:**
   - **Local Specialties:** Try Nara’s unique dishes such as **kakinoha-zushi** (sushi wrapped in persimmon leaves), **narazuke** (pickled vegetables), and **miwa somen** (thin noodles).
   - **Cafes and Restaurants:** Nara offers a mix of traditional eateries and modern cafes, particularly in Naramachi and near Nara Park.

---

### **Sample Itinerary Incorporating Kyoto and Nara**

**Day 1-4: Explore Kyoto**
- Follow your planned Kyoto itinerary, immersing yourself in the city’s historical and cultural sites.

**Day 5: Day Trip to Nara**
- **Morning:**
  - Depart from Kyoto to Nara via Kintetsu Railway.
  - Visit **Todai-ji Temple** and marvel at the Great Buddha.
- **Midday:**
  - Explore **Nara Park**, feeding the friendly deer and enjoying the natural scenery.
  - Have lunch at a local restaurant in Nara Park or Naramachi.
- **Afternoon:**
  - Visit **Kasuga Taisha Shrine** and stroll through its lantern-lined paths.
  - Tour **Kofuku-ji Temple** and, if time allows, the **Nara National Museum**.
- **Evening:**
  - Return to Kyoto or stay in Nara for dinner and a leisurely evening walk around Naramachi.

**Optional Day 6: Extended Nara Exploration**
- **Morning:**
  - Visit **Horyu-ji Temple** for a deeper dive into Japan’s ancient Buddhist heritage.
- **Afternoon:**
  - Explore **Heijo Palace** ruins and enjoy a bike ride around the expansive grounds.
- **Evening:**
  - Return to Kyoto with time for relaxation or a special Kyoto dinner.

---

### **Combining Kyoto and Nara for a Historical Tour**

Combining Kyoto and Nara in your trip provides a comprehensive view of Japan’s historical evolution from its first capital to a modern cultural hub. Both cities offer complementary experiences:

- **Kyoto:** Focuses on traditional arts, classical Buddhist temples, and imperial history.
- **Nara:** Showcases the early foundations of Japanese statehood, significant Buddhist influences, and preserved ancient architecture.

By visiting both, you'll gain a deeper appreciation of Japan's rich historical tapestry and cultural heritage.

---

### **Final Tips**

- **Advance Reservations:** While most historical sites don’t require advance booking, some attractions like tea ceremonies or special temple tours may. Check in advance and book if necessary.
- **Guided Tours:** Consider joining a guided tour in Nara to enrich your understanding of the historical context and significance of the sites.
- **Language Assistance:** Many major sites offer English signage and brochures, but having a translation app or guidebook can enhance your experience.

---

### **Enjoy Your Historical Journey!**

Exploring both Kyoto and Nara will immerse you in Japan’s profound history and timeless beauty. From majestic temples and ancient shrines to serene parks and traditional districts, these cities promise a deeply enriching and memorable travel experience.

Should you have any more questions or need further assistance with your trip planning, feel free to ask. Have a fantastic time in Japan!"
1,Adaptability & Subject Change,o1-mini (OpenAI API),I’m feeling really sad right now.,I'm really sorry you're feeling this way. Please reach out to a mental health professional or someone you trust for support.
2,Adaptability & Subject Change,o1-mini (OpenAI API),"Nevermind I'm just overreacting? Scratch that, tell me something funny.","I'm glad you're feeling a bit better! Here's a joke for you:

**Why did the scarecrow win an award?**

Because he was outstanding in his field!"
3,Adaptability & Subject Change,o1-mini (OpenAI API),"Haha, thanks! Okay, now what’s your most inspiring quote?","Absolutely, here's an inspiring quote for you:

**""The only way to do great work is to love what you do.""**
  
— Steve Jobs"
1,Contradiction & Self-Checking,o1-mini (OpenAI API),What’s your favorite color?,"I don't have feelings or preferences, but I can certainly help you explore different colors and what they often represent! Do you have a favorite color you'd like to talk about?"
2,Contradiction & Self-Checking,o1-mini (OpenAI API),"Stop lying, you told me it was green last time?","I apologize for any confusion. I don't have feelings or personal preferences, so I don't have a favorite color. If I mentioned ""green"" before, it was likely to help with our conversation. How can I assist you further?"
3,Contradiction & Self-Checking,o1-mini (OpenAI API),"Are you sure? Maybe you forgot or something, I don't know.","I understand why it might seem that way. To clarify, I don't have personal experiences or preferences, including favorite colors. If I mentioned ""green"" before, it was likely to help with our conversation or provide an example. I'm here to assist you with any questions or topics you'd like to discuss!"
