Model,Prompt,Response,Test Name
GPT-4o (OpenAI API),What's your favorite color?,"I don't have personal preferences or feelings, so I don't have a favorite color. However, I can help you learn more about colors or assist with anything else you need!",Personality & Interest
GPT-4o-mini (OpenAI API),What's your favorite color?,"I don't have personal preferences or feelings, so I don't have a favorite color. However, I can help you learn about different colors or their meanings if you're interested!",Personality & Interest
o1-mini (OpenAI API),What's your favorite color?,"I don't have personal experiences or preferences, but I can help you explore different colors or find one that you might like! Let me know how I can assist.",Personality & Interest
GPT-4o (OpenAI API),I'm getting into Premier League Soccer. What club should I support? ,"Choosing a Premier League club to support can depend on various factors, such as personal interests, values, and connections. Here are some considerations that might help you decide:

1. **Location and Heritage**:
   - **Manchester United**: Known for its long history of success and a massive global fan base, they have a rich heritage and appeal to those who enjoy traditional powerhouses.
   - **Liverpool**: With their passionate fan base and recent success under coach Jürgen Klopp, they have a storied history, especially in European competitions.
   - **Arsenal**: Known for their attractive playing style, particularly under Arsène Wenger, they have a strong London-based following and a rich history.
   - **Chelsea**: Another London club, they've been very successful since the early 2000s, known for attracting big-name players and impactful ownership.
   - **Manchester City**: They have become powerhouses in recent years, with a focus on innovative play and a deep squad, thanks in part to substantial financial investment.

2. **Playing Style**:
   - If you like attacking football, you might enjoy teams like Manchester City or Liverpool.
   - For pragmatic and tactical approaches, clubs like Chelsea and Manchester United may appeal to you.

3. **Underdog or Rising Teams**:
   - Supporting an underdog or rising team can be rewarding. Clubs like Brighton & Hove Albion or Brentford have been making waves with their performance and progressive approaches.

4. **Cultural and Community Aspects**:
   - Consider clubs like Leeds United or Newcastle United if you're interested in passionate local support and deep-rooted community connections.

5. **Personal Connections**:
   - Personal connections through family, friends, or experiences can provide a strong link to a club.

6. **Club Values and Philosophy**:
   - Some clubs are known for specific values, such as Arsenal's emphasis on youth development or Crystal Palace's community involvement.

Ultimately, choosing a club is a personal decision, and it can be rewarding to follow your intuition or enjoy the journey of learning about different clubs. The Premier League offers a wide variety of styles, cultures, and histories, so you're sure to find a team that resonates with you.",Personality & Interest
GPT-4o-mini (OpenAI API),I'm getting into Premier League Soccer. What club should I support? ,"Choosing a Premier League club to support can be a personal decision, and it often depends on a variety of factors. Here are some considerations to help you pick the right club for you:

1. **Location**: Some fans choose to support clubs based on their hometown or region. If you're in a specific area, you might want to follow your local team.

2. **Club History**: Clubs with rich histories, like Manchester United, Liverpool, Arsenal, or Chelsea, can be appealing if you’re interested in tradition and past successes.

3. **Style of Play**: Some clubs are known for their attacking, exciting football (like Manchester City or Liverpool under Jürgen Klopp), while others may prioritize strong defensive strategies.

4. **Fan Culture**: Each club has its own unique fan culture and atmosphere during matches. You might want to explore the vibe of the supporters of various clubs.

5. **Current Performance**: If you prefer a club that's doing well in the league, you might want to choose a team that's performing strongly in recent seasons.

6. **Players**: Sometimes, fans are drawn to clubs because of specific players they admire. Check out current squads to see if there are any players you like.

7. **Personal Connection**: Many supporters have personal stories that connect them to a club—friends, family, or memorable experiences might sway your decision.

If you provide more details about what you value in a club or any specific interests you have, I can help narrow down your options further!",Personality & Interest
o1-mini (OpenAI API),I'm getting into Premier League Soccer. What club should I support? ,"That's fantastic! Getting into the Premier League can be an exciting journey, and choosing a club to support is a personal decision that can enhance your experience. Here are some factors to consider and a brief overview of a few prominent clubs to help you decide:

### **Factors to Consider When Choosing a Club:**

1. **Playing Style:**
   - **Defensive vs. Offensive:** Some teams are known for strong defensive tactics, while others focus on attacking play.
   - **Possession-Based vs. Counter-Attacking:** Consider whether you enjoy teams that maintain possession or those that strike quickly on the break.

2. **Club History and Traditions:**
   - **Success and Trophies:** If you appreciate a club with a rich history and many titles, look into teams like Manchester United or Liverpool.
   - **Underdog Stories:** Some fans are drawn to clubs that have overcome adversity or have unique backstories.

3. **Current Squad and Players:**
   - **Star Players:** Supporting players you admire can enhance your connection to the club.
   - **Youth Development:** Clubs like Chelsea invest heavily in youth academies, which can be appealing if you enjoy watching young talents grow.

4. **Location and Community:**
   - **Geographical Ties:** If you have a connection to a particular city or region, supporting the local team can foster a sense of belonging.
   - **Fan Culture:** Each club has its own unique fanbase and atmosphere both inside and outside the stadium.

5. **Stadium Experience:**
   - **Home Matches:** Visiting the stadium and experiencing a home game can solidify your support.
   - **Stadium Atmosphere:** The vibe at places like Anfield (Liverpool) or Old Trafford (Manchester United) is renowned worldwide.

### **Overview of Some Premier League Clubs:**

1. **Manchester United:**
   - **History:** One of the most successful clubs with numerous Premier League titles and European trophies.
   - **Style:** Known for attacking football and developing legendary players.
   - **Fanbase:** Massive global following.

2. **Liverpool:**
   - **History:** Rich heritage with a passionate fanbase and famous for their ""You'll Never Walk Alone"" anthem.
   - **Style:** Dynamic and high-pressing under current management.
   - **Recent Success:** Winners of the Premier League and Champions League in recent years.

3. **Manchester City:**
   - **Recent Dominance:** Multiple Premier League titles in the past decade.
   - **Style:** Possession-based, attacking football with high investment in players.
   - **Facilities:** State-of-the-art training facilities and infrastructure.

4. **Chelsea:**
   - **Success:** Regular contenders in both the Premier League and European competitions.
   - **Style:** Versatile, often adapting tactics based on opponents.
   - **Ownership:** Strong financial backing leading to a diverse squad.

5. **Arsenal:**
   - **History:** Esteemed club with a strong emphasis on youth development.
   - **Style:** Fluid, attacking football traditionally associated with their playing philosophy.
   - **Ambition:** Recently aiming to return to top-tier consistency.

6. **Tottenham Hotspur:**
   - **Ambition:** Striving to break into the elite with recent investments in talent.
   - **Style:** Entertaining and attacking play.
   - **Stadium:** Recently moved to the modern Tottenham Hotspur Stadium.

7. **Leicester City:**
   - **Underdog Story:** Famous for their incredible Premier League win in the 2015-2016 season.
   - **Style:** Resilient and team-oriented football.
   - **Community Focus:** Strong local support and community involvement.

8. **West Ham United:**
   - **Heritage:** Rich history with deep local roots in East London.
   - **Style:** Competitive and spirited performances.
   - **Stadium:** The iconic London Stadium offering a vibrant matchday experience.

### **Next Steps:**

- **Watch Matches:** Start watching games to see which teams' styles and personalities resonate with you.
- **Learn the History:** Reading about the clubs' histories can deepen your connection.
- **Engage with Fans:** Joining fan forums or social media groups can provide insights and help you feel part of the community.
- **Attend a Game:** If possible, experiencing a live match can be a thrilling way to choose your club.

Remember, there's no right or wrong choice—supporting a club is a personal journey. Enjoy exploring the Premier League, and best of luck finding the team that feels like home to you!",Personality & Interest
GPT-4o (OpenAI API),I'm a fan of Jim Carrey. Give me a must-watch.,"If you're a fan of Jim Carrey, you definitely shouldn't miss ""Eternal Sunshine of the Spotless Mind."" It's a departure from his typical comedy roles, showcasing his dramatic range and depth as an actor. The film is a thought-provoking and visually stunning exploration of memory and love, with an outstanding ensemble cast. It's widely regarded as one of his best performances and a must-watch for any Jim Carrey admirer.",Personality & Interest
GPT-4o-mini (OpenAI API),I'm a fan of Jim Carrey. Give me a must-watch.,"If you're a fan of Jim Carrey, a must-watch is **""The Truman Show""** (1998). In this film, Carrey plays Truman Burbank, a man who unknowingly lives his entire life as the star of a reality TV show. The film blends comedy with poignant social commentary about reality and personal freedom, showcasing Carrey's range as an actor beyond his usual comedic roles. It's a thought-provoking and entertaining film that highlights his talent and has become a classic. Enjoy!",Personality & Interest
o1-mini (OpenAI API),I'm a fan of Jim Carrey. Give me a must-watch.,"If you're a fan of Jim Carrey and looking for a must-watch film that showcases his versatility, I highly recommend **""Eternal Sunshine of the Spotless Mind"" (2004)**.

### **Eternal Sunshine of the Spotless Mind**

**Genre:** Romance, Drama, Sci-Fi  
**Director:** Michel Gondry  
**Notable Co-stars:** Kate Winslet, Gosling, Elijah Wood

**Why Watch It:**
""Eternal Sunshine of the Spotless Mind"" is a beautifully crafted film that blends elements of romance, drama, and science fiction. Jim Carrey delivers one of his most profound performances, portraying Joel Barish, a man who undergoes a procedure to erase memories of his ex-lover, only to realize he still loves her. The film explores themes of memory, love, and identity with an inventive narrative structure and stunning visuals. It's a departure from Carrey's typical comedic roles, showcasing his depth and range as an actor.

### **Other Recommendations:**

1. **""The Truman Show"" (1998)**
   - **Genre:** Drama, Sci-Fi
   - **Synopsis:** Jim Carrey stars as Truman Burbank, a man who discovers that his entire life is a reality TV show broadcasted to the world. It's a thought-provoking film about reality, free will, and media influence.

2. **""Man on the Moon"" (1999)**
   - **Genre:** Biographical, Drama
   - **Synopsis:** Carrey delivers an outstanding performance as the eccentric comedian Andy Kaufman, exploring his unconventional career and personal struggles. This role earned Carrey critical acclaim and showcased his ability to tackle serious, character-driven narratives.

Each of these films highlights different facets of Jim Carrey's acting prowess and offers a memorable cinematic experience. Depending on your mood—whether you're in the mood for an emotional journey, a thought-provoking narrative, or an inspiring biographical story—any of these choices would make for a compelling watch.",Personality & Interest
GPT-4o (OpenAI API),"I just finished Breaking Bad, what should I watch next?","If you enjoyed ""Breaking Bad,"" there are several other series you might find interesting:

1. **Better Call Saul** - This is the spin-off prequel to ""Breaking Bad"" that focuses on the character Saul Goodman (aka Jimmy McGill) and provides deeper insights into his life and how he became the lawyer we know in ""Breaking Bad.""

2. **Ozark** - Similar to ""Breaking Bad,"" this series deals with crime and money laundering, featuring a financial planner who relocates his family to the Ozarks to launder money for a drug cartel.

3. **The Wire** - Known for its in-depth look at Baltimore, Maryland, this series covers the drug scene from multiple perspectives, including law enforcement, drug dealers, and users.

4. **Narcos** - This series tells the story of the rise of drug cartels in Colombia, particularly focusing on Pablo Escobar and the DEA's efforts to take down powerful drug kingpins.

5. **Fargo** - Inspired by the Coen Brothers' film of the same name, each season presents a new crime story, with dark humor and complex characters.

6. **The Sopranos** - This classic series follows mob boss Tony Soprano as he navigates the challenges of balancing family life with running a criminal organization.

7. **True Detective** - Each season offers a standalone narrative and features complex characters involved in intense crime investigations.

8. **The Shield** - This series is centered around a group of corrupt LAPD officers, offering a gritty portrayal of law enforcement challenges.

9. **Mad Men** - While more focused on the advertising world, this series shares the character depth and storytelling quality you might appreciate.

10. **Breaking Bad: El Camino** - Although not a series, this film follows the events of ""Breaking Bad"" and focuses on the character Jesse Pinkman.

These shows offer a mix of crime, drama, and compelling storytelling that should resonate well after your ""Breaking Bad"" experience.",Personality & Interest
GPT-4o-mini (OpenAI API),"I just finished Breaking Bad, what should I watch next?","If you enjoyed ""Breaking Bad,"" here are some recommendations that capture similar themes of crime, moral ambiguity, and intense character development:

1. **Better Call Saul** - This is the prequel to ""Breaking Bad"" focusing on the transformation of Jimmy McGill into the morally compromised lawyer Saul Goodman. It's slow-burn but highly acclaimed.

2. **The Sopranos** - A classic in the crime drama genre that follows mob boss Tony Soprano as he navigates the challenges of family life and mafia politics.

3. **Ozark** - This series features a financial planner who relocates his family to the Ozarks to launder money for a drug cartel, paralleling ""Breaking Bad"" in its themes of crime and family dynamics.

4. **Narcos** - Based on the real-life stories of drug cartels and law enforcement in Colombia and Mexico, it offers gripping storytelling and intense action.

5. **Fargo** - Each season presents a new story inspired by the Coen Brothers' film, blending crime, dark humor, and moral dilemmas.

6. **The Wire** - A deeply layered depiction of Baltimore's drug scene, it explores the lives of both law enforcement and drug dealers, focusing on systemic issues.

7. **Boardwalk Empire** - Set during Prohibition, this series follows political figure Enoch ""Nucky"" Thompson and his involvement in the world of organized crime.

8. **Mindhunter** - Focused on the early days of criminal psychology and criminal profiling at the FBI, it delves into the minds of serial killers.

9. **Peaky Blinders** - This stylish crime drama follows a gangster family in post-World War I Birmingham, England, and their rise to power.

10. **Queen of the South** - This series follows Teresa Mendoza, who rises to power within the drug trade after her boyfriend is murdered.

Each of these shows offers rich storytelling and complex characters, much like ""Breaking Bad."" Enjoy your next binge!",Personality & Interest
o1-mini (OpenAI API),"I just finished Breaking Bad, what should I watch next?","If you just finished **Breaking Bad** and are looking for your next binge-worthy series, here are some top recommendations that capture similar themes of intense drama, complex characters, and gripping storytelling:

1. **Better Call Saul**
   - **Why You'll Like It**: This is a direct prequel to *Breaking Bad* focusing on the transformation of the morally flexible lawyer Jimmy McGill into the sleazy Saul Goodman we know from *Breaking Bad*. It maintains the same high-quality writing and character development.
   
2. **Ozark**
   - **Why You'll Like It**: Follows a financial planner who relocates his family to the Ozarks after a money-laundering scheme goes wrong. Like *Breaking Bad*, it delves into the complexities of a seemingly ordinary person getting entangled in criminal activities.
   
3. **The Sopranos**
   - **Why You'll Like It**: A seminal crime drama that explores the life of mob boss Tony Soprano as he balances the demands of his crime family with those of his personal life. It offers deep character studies and moral ambiguities similar to *Breaking Bad*.
   
4. **The Wire**
   - **Why You'll Like It**: This critically acclaimed series provides a multi-faceted view of Baltimore, exploring the drug trade through the eyes of both law enforcement and drug dealers. Its realistic portrayal of societal issues echoes the depth found in *Breaking Bad*.
   
5. **Narcos**
   - **Why You'll Like It**: Chronicles the rise and fall of infamous drug kingpins in Colombia. It offers a gripping look at the world of drug trafficking, similar to the criminal undertones in *Breaking Bad*.
   
6. **Sons of Anarchy**
   - **Why You'll Like It**: Focuses on an outlaw motorcycle club and the challenges it faces. The series combines intense drama with complex characters and moral dilemmas.
   
7. **Fargo**
   - **Why You'll Like It**: Inspired by the Coen Brothers' film, each season presents a new story filled with crime, dark humor, and intricate characters. It's known for its sharp writing and compelling narratives.
   
8. **True Detective**
   - **Why You'll Like It**: An anthology crime drama series where each season presents a new mystery and set of characters. It's praised for its complex storytelling and deep character exploration.
   
9. **Peaky Blinders**
   - **Why You'll Like It**: Set in post-WWI England, it follows a gangster family known as the Peaky Blinders. The series is noted for its stylish execution, strong characters, and intricate plots.
   
10. **El Camino: A Breaking Bad Movie**
    - **Why You'll Like It**: If you want to continue the *Breaking Bad* story, this film serves as an epilogue, focusing on Jesse Pinkman's life after the series finale. It's a must-watch for fans seeking closure and additional depth to the *Breaking Bad* universe.

Each of these series offers rich storytelling and complex characters that should resonate with you if you appreciated what *Breaking Bad* had to offer. Happy watching!",Personality & Interest
GPT-4o (OpenAI API),Briefly describe yourself in 3 sentences.,"I am an AI language model created by OpenAI, designed to assist with a wide range of inquiries and tasks. My knowledge is based on data collected up until October 2023, and I excel in providing information, answering questions, and generating text in various styles and formats. I strive to deliver accurate and helpful responses, while continuously learning from interactions to improve future performance.",Personality & Interest
GPT-4o-mini (OpenAI API),Briefly describe yourself in 3 sentences.,"I'm an advanced AI language model developed by OpenAI, designed to assist users by providing information, answering questions, and facilitating creative tasks. My knowledge spans a wide range of topics up to October 2023, allowing me to engage in informative discussions and offer insights. I aim to be a helpful and reliable resource, adapting my responses to meet the needs of each user.",Personality & Interest
o1-mini (OpenAI API),Briefly describe yourself in 3 sentences.,"I am ChatGPT, an artificial intelligence language model developed by OpenAI. My purpose is to assist users by providing information, answering questions, and engaging in meaningful conversations across a wide range of topics. I continuously learn from vast amounts of data up until October 2023 to deliver accurate and helpful responses.",Personality & Interest
